{
    "run_type": "create", 
    "database_name": "mimic3wdb-matched/1.0",
    "test_mode": true,
    "discovery_mode": "record_list",
    "record_list_file": "inputs/records_with_cardiac_surgery_cpt_and_icd9.csv",

    "input_channels": [
        "CVP", "HR", "NBPSys", "NBPDias", "NBPMean", "SpO2"
    ],
    "output_channels": [
        "CVP", "HR", "NBPSys", "NBPDias", "NBPMean", "SpO2"
    ],

    "signal_processing": [
        {"channel" : "CVP",
        "steps":[{
            "step": 0,
            "downsampling":{
                "desired_resolution": 0.0166666666667,
                "downsampling_strategy": "median"
            },
            "data_cleaning": {},
            "imputation":{}
        },
        {
            "step": 1,
            "downsampling":{},
            "data_cleaning": {
                "lower_threshold": -15.0,
                "upper_threshold": 50.0
            },
            "imputation": {}
        },
        {
            "step": 2,
            "downsampling": {},
            "data_cleaning": {},
            "imputation": {
                "imputation_strategy": "hinrichs_paper"
            }
        },
        {
            "step": 3,
            "downsampling": {
                "desired_resolution": 0.0033333333333,
                "downsampling_strategy": "median"
            },
            "data_cleaning": {},
            "imputation": {}
        }
    ]},
    {"channel" : "HR",
        "steps":[{
            "step": 0,
            "downsampling":{
                "desired_resolution": 0.0166666666667,
                "downsampling_strategy": "median"
            },
            "data_cleaning": {},
            "imputation":{}
        },
        {
            "step": 1,
            "downsampling":{},
            "data_cleaning": {
                "lower_threshold": 10.0,
                "upper_threshold": 330.0
            },
            "imputation": {}
        },
        {
            "step": 2,
            "downsampling": {},
            "data_cleaning": {},
            "imputation": {
                "imputation_strategy": "hinrichs_paper"
            }
        },
        {
            "step": 3,
            "downsampling": {
                "desired_resolution": 0.0033333333333,
                "downsampling_strategy": "median"
            },
            "data_cleaning": {},
            "imputation": {}
        }]
        },
        {"channel" : "NBPSys",
        "steps":[
            {
            "step": 0,
            "downsampling":{
                "desired_resolution": 0.0166666666667,
                "downsampling_strategy": "median"
            },
            "data_cleaning": {},
            "imputation":{}
        },
        {
            "step": 1,
            "downsampling":{},
            "data_cleaning": {
                "lower_threshold": 8.0,
                "upper_threshold": 350.0
            },
            "imputation": {}
        },
        {
            "step": 2,
            "downsampling": {},
            "data_cleaning": {},
            "imputation": {
                "imputation_strategy": "hinrichs_paper"
            }
        },
        {
            "step": 3,
            "downsampling": {
                "desired_resolution": 0.0033333333333,
                "downsampling_strategy": "median"
            },
            "data_cleaning": {},
            "imputation": {}
        }]
        },
        {"channel" : "NBPDias",
        "steps":[{
            "step": 0,
            "downsampling":{
                "desired_resolution": 0.0166666666667,
                "downsampling_strategy": "median"
            },
            "data_cleaning": {},
            "imputation":{}
        },
        {
            "step": 1,
            "downsampling":{},
            "data_cleaning": {
                "lower_threshold": 8.0,
                "upper_threshold": 150.0
            },
            "imputation": {}
        },
        {
            "step": 2,
            "downsampling": {},
            "data_cleaning": {},
            "imputation": {
                "imputation_strategy": "hinrichs_paper"
            }
        },
        {
            "step": 3,
            "downsampling": {
                "desired_resolution": 0.0033333333333,
                "downsampling_strategy": "median"
            },
            "data_cleaning": {},
            "imputation": {}
        }]
        },
        {"channel" : "NBPMean",
        "steps":[{
            "step": 0,
            "downsampling":{
                "desired_resolution": 0.0166666666667,
                "downsampling_strategy": "median"
            },
            "data_cleaning": {},
            "imputation":{}
        },
        {
            "step": 1,
            "downsampling":{},
            "data_cleaning": {
                "lower_threshold": 8.0,
                "upper_threshold": 170.0
            },
            "imputation": {}
        },
        {
            "step": 2,
            "downsampling": {},
            "data_cleaning": {},
            "imputation": {
                "imputation_strategy": "hinrichs_paper"
            }
        },
        {
            "step": 3,
            "downsampling": {
                "desired_resolution": 0.0033333333333,
                "downsampling_strategy": "median"
            },
            "data_cleaning": {},
            "imputation": {}
        }]
        },
        {"channel" : "SpO2",
        "steps":[{
            "step": 0,
            "downsampling":{
                "desired_resolution": 0.0166666666667,
                "downsampling_strategy": "median"
            },
            "data_cleaning": {},
            "imputation":{}
        },
        {
            "step": 1,
            "downsampling":{},
            "data_cleaning": {
                "lower_threshold": 40.0,
                "upper_threshold": 100.0
            },
            "imputation": {}
        },
        {
            "step": 2,
            "downsampling": {},
            "data_cleaning": {},
            "imputation": {
                "imputation_strategy": "hinrichs_paper"
            }
        },
        {
            "step": 3,
            "downsampling": {
                "desired_resolution": 0.0033333333333,
                "downsampling_strategy": "median"
            },
            "data_cleaning": {},
            "imputation": {}
        }]
        }
    ],

    "windowing": {
        "expected_resolution": 0.0033333333333,
        "observation_window": 3600,
        "prediction_horizon": 0,
        "prediction_window": 300,
        "step": 300
    },

    "validation": {
        "min_record_duration": 3900,
        "validate_channels": true,
        "strict_nan_check": false
    },

    "output": {
        "base_dir": "outputs/create/cardiac_surgery",
        "directory_structure": [
            "logs",
            "analysis",
            "reports",
            "data"
        ],
        "save_format": "csv",
        "include_metadata": false
    }
}