{
    "input_path": "outputs/create/no_respiratory_surgery/data",
    "splitting_method": "group_shuffle",
    "random_seed": 42,

    "train_ratio": 0.8,
    "validation_ratio": 0.00,
    "test_ratio": 0.20,

    "min_samples_per_subject": 1,
    "exclude_subjects": [],
    "include_only_subjects": [],
    "dry_run": false,

    "output": {
        "base_dir": "outputs/split/no_respiratory_surgery",
        "directory_structure": [
            "logs",
            "reports",
            "split_data",
            "splits"
        ],
        "save_format": "csv",
        "include_metadata": true
    }
}